Rank,Squad,Matches Played,Wins,Draws,Losses,Goals For,Goals Against,Goal Diff.,Pts,exp. Goals,exp. Goals Allowed,exp. Goals Diff.,xGD/90,Top Team Scorer,Goalkeeper
F,Italy,7,5,2,0,13,4,9,17,13.1,6,7.2,1.02,"Lorenzo Insigne, Ciro Immobile... - 2",Gianluigi Donnarumma
F,England,7,5,2,0,11,2,9,17,11,5.4,5.7,0.81,Harry Kane - 4,Jordan Pickford
,,,,,,,,,,,,,,,
SF,Spain,6,2,4,0,13,6,7,10,16.7,7.4,9.3,1.54,Álvaro Morata - 3,Unai Simón
SF,Denmark,6,3,0,3,12,7,5,9,9.9,7.1,2.8,0.47,Kasper Dolberg - 3,Kasper Schmeichel
,,,,,,,,,,,,,,,
QF,Belgium,5,4,0,1,9,3,6,12,5.9,5.4,0.5,0.11,Romelu Lukaku - 4,Thibaut Courtois
QF,Czechia,5,2,1,2,6,4,2,7,6.2,6.6,-0.5,-0.09,Patrik Schick - 5,Tomáš Vaclík
QF,Switzerland,5,1,3,1,8,9,-1,6,7.1,10.6,-3.5,-0.69,"Xherdan Shaqiri, Haris Seferović - 3",Yann Sommer
QF,Ukraine,5,2,0,3,6,10,-4,6,6.2,7.5,-1.3,-0.26,"Andriy Yarmolenko, Roman Yaremchuk - 2",Heorhiy Bushchan
,,,,,,,,,,,,,,,
R16,Netherlands,4,3,0,1,8,4,4,9,8.6,4,4.6,1.16,Georginio Wijnaldum - 3,Maarten Stekelenburg
R16,Sweden,4,2,1,1,5,4,1,7,5.2,6.5,-1.4,-0.35,Emil Forsberg - 4,Robin Olsen
R16,France,4,1,3,0,7,6,1,6,7.5,5.2,2.3,0.57,Karim Benzema - 4,Hugo Lloris
R16,Austria,4,2,0,2,5,5,0,6,5.1,5.8,-0.8,-0.19,"Marko Arnautović, Stefan Lainer... - 1",Daniel Bachmann
R16,Portugal,4,1,1,2,7,7,0,4,7.9,4.9,2.9,0.74,Cristiano Ronaldo - 5,Rui Patrício
R16,Croatia,4,1,1,2,7,8,-1,4,5.5,8,-2.4,-0.61,Ivan Perišić - 2,Dominik Livaković
R16,Germany,4,1,1,2,6,7,-1,4,7.1,4.5,2.6,0.65,Kai Havertz - 2,Manuel Neuer
R16,Wales,4,1,1,2,3,6,-3,4,4.9,8,-3.1,-0.77,"Aaron Ramsey, Kieffer Moore... - 1",Danny Ward
,,,,,,,,,,,,,,,
GR,Finland,3,1,0,2,1,3,-2,3,1.5,4.4,-2.9,-0.97,Joel Pohjanpalo - 1,Lukáš Hrádecký
GR,Russia,3,1,0,2,2,7,-5,3,2.3,4.2,-1.9,-0.63,"Aleksei Miranchuk, Artem Dzyuba - 1",Matvei Safonov
GR,Slovakia,3,1,0,2,2,7,-5,3,1,6.6,-5.6,-1.86,Milan Škriniar - 1,Martin Dúbravka
GR,Hungary,3,0,2,1,3,6,-3,2,1.5,6.7,-5.3,-1.76,"Ádám Szalai, Attila Fiola... - 1",Péter Gulácsi
GR,Poland,3,0,1,2,4,6,-2,1,4.6,4.4,0.2,0.07,Robert Lewandowski - 3,Wojciech Szczęsny
GR,Scotland,3,0,1,2,1,5,-4,1,3.9,3.6,0.3,0.11,Callum McGregor - 1,David Marshall
GR,N. Macedonia,3,0,0,3,2,8,-6,0,3,8.5,-5.5,-1.84,"Goran Pandev, Ezgjan Alioski - 1",Stole Dimitrievski
GR,Turkey,3,0,0,3,1,8,-7,0,3,7.4,-4.4,-1.47,İrfan Kahveci - 1,Uğurcan Çakır
