key_id,tournament_id,tournament_name,team_id,team_name,team_code,count_matches,performance
1,WC-1930,1930 FIFA Men's World Cup,T-03,Argentina,ARG,5,final
2,WC-1930,1930 FIFA Men's World Cup,T-06,Belgium,BEL,2,group stage
3,WC-1930,1930 FIFA Men's World Cup,T-07,Bolivia,BOL,2,group stage
4,WC-1930,1930 FIFA Men's World Cup,T-09,Brazil,BRA,2,group stage
5,WC-1930,1930 FIFA Men's World Cup,T-13,Chile,CHL,3,group stage
6,WC-1930,1930 FIFA Men's World Cup,T-30,France,FRA,3,group stage
7,WC-1930,1930 FIFA Men's World Cup,T-46,Mexico,MEX,3,group stage
8,WC-1930,1930 FIFA Men's World Cup,T-55,Paraguay,PRY,2,group stage
9,WC-1930,1930 FIFA Men's World Cup,T-56,Peru,PER,2,group stage
10,WC-1930,1930 FIFA Men's World Cup,T-61,Romania,ROU,2,group stage
11,WC-1930,1930 FIFA Men's World Cup,T-83,United States,USA,3,semi-finals
12,WC-1930,1930 FIFA Men's World Cup,T-84,Uruguay,URY,4,final
13,WC-1930,1930 FIFA Men's World Cup,T-87,Yugoslavia,YUG,3,semi-finals
14,WC-1934,1934 FIFA Men's World Cup,T-03,Argentina,ARG,1,round of 16
15,WC-1934,1934 FIFA Men's World Cup,T-05,Austria,AUT,4,third-place match
16,WC-1934,1934 FIFA Men's World Cup,T-06,Belgium,BEL,1,round of 16
17,WC-1934,1934 FIFA Men's World Cup,T-09,Brazil,BRA,1,round of 16
18,WC-1934,1934 FIFA Men's World Cup,T-21,Czechoslovakia,CSK,4,final
19,WC-1934,1934 FIFA Men's World Cup,T-26,Egypt,EGY,1,round of 16
20,WC-1934,1934 FIFA Men's World Cup,T-30,France,FRA,1,round of 16
21,WC-1934,1934 FIFA Men's World Cup,T-31,Germany,DEU,4,third-place match
22,WC-1934,1934 FIFA Men's World Cup,T-36,Hungary,HUN,2,quarter-finals
23,WC-1934,1934 FIFA Men's World Cup,T-41,Italy,ITA,5,final
24,WC-1934,1934 FIFA Men's World Cup,T-48,Netherlands,NLD,1,round of 16
25,WC-1934,1934 FIFA Men's World Cup,T-61,Romania,ROU,1,round of 16
26,WC-1934,1934 FIFA Men's World Cup,T-73,Spain,ESP,3,quarter-finals
27,WC-1934,1934 FIFA Men's World Cup,T-74,Sweden,SWE,2,quarter-finals
28,WC-1934,1934 FIFA Men's World Cup,T-75,Switzerland,CHE,2,quarter-finals
29,WC-1934,1934 FIFA Men's World Cup,T-83,United States,USA,1,round of 16
30,WC-1938,1938 FIFA Men's World Cup,T-06,Belgium,BEL,1,round of 16
31,WC-1938,1938 FIFA Men's World Cup,T-09,Brazil,BRA,5,third-place match
32,WC-1938,1938 FIFA Men's World Cup,T-19,Cuba,CUB,3,quarter-finals
33,WC-1938,1938 FIFA Men's World Cup,T-21,Czechoslovakia,CSK,3,quarter-finals
34,WC-1938,1938 FIFA Men's World Cup,T-23,Dutch East Indies,IDN,1,round of 16
35,WC-1938,1938 FIFA Men's World Cup,T-30,France,FRA,2,quarter-finals
36,WC-1938,1938 FIFA Men's World Cup,T-31,Germany,DEU,2,round of 16
37,WC-1938,1938 FIFA Men's World Cup,T-36,Hungary,HUN,4,final
38,WC-1938,1938 FIFA Men's World Cup,T-41,Italy,ITA,4,final
39,WC-1938,1938 FIFA Men's World Cup,T-48,Netherlands,NLD,1,round of 16
40,WC-1938,1938 FIFA Men's World Cup,T-53,Norway,NOR,1,round of 16
41,WC-1938,1938 FIFA Men's World Cup,T-57,Poland,POL,1,round of 16
42,WC-1938,1938 FIFA Men's World Cup,T-61,Romania,ROU,2,round of 16
43,WC-1938,1938 FIFA Men's World Cup,T-74,Sweden,SWE,3,third-place match
44,WC-1938,1938 FIFA Men's World Cup,T-75,Switzerland,CHE,3,quarter-finals
45,WC-1950,1950 FIFA Men's World Cup,T-07,Bolivia,BOL,1,group stage
46,WC-1950,1950 FIFA Men's World Cup,T-09,Brazil,BRA,6,final round
47,WC-1950,1950 FIFA Men's World Cup,T-13,Chile,CHL,3,group stage
48,WC-1950,1950 FIFA Men's World Cup,T-28,England,ENG,3,group stage
49,WC-1950,1950 FIFA Men's World Cup,T-41,Italy,ITA,2,group stage
50,WC-1950,1950 FIFA Men's World Cup,T-46,Mexico,MEX,3,group stage
51,WC-1950,1950 FIFA Men's World Cup,T-55,Paraguay,PRY,2,group stage
52,WC-1950,1950 FIFA Men's World Cup,T-73,Spain,ESP,6,final round
53,WC-1950,1950 FIFA Men's World Cup,T-74,Sweden,SWE,5,final round
54,WC-1950,1950 FIFA Men's World Cup,T-75,Switzerland,CHE,3,group stage
55,WC-1950,1950 FIFA Men's World Cup,T-83,United States,USA,3,group stage
56,WC-1950,1950 FIFA Men's World Cup,T-84,Uruguay,URY,4,final round
57,WC-1950,1950 FIFA Men's World Cup,T-87,Yugoslavia,YUG,3,group stage
58,WC-1954,1954 FIFA Men's World Cup,T-05,Austria,AUT,5,third-place match
59,WC-1954,1954 FIFA Men's World Cup,T-06,Belgium,BEL,2,group stage
60,WC-1954,1954 FIFA Men's World Cup,T-09,Brazil,BRA,3,quarter-finals
61,WC-1954,1954 FIFA Men's World Cup,T-21,Czechoslovakia,CSK,2,group stage
62,WC-1954,1954 FIFA Men's World Cup,T-28,England,ENG,3,quarter-finals
63,WC-1954,1954 FIFA Men's World Cup,T-30,France,FRA,2,group stage
64,WC-1954,1954 FIFA Men's World Cup,T-36,Hungary,HUN,5,final
65,WC-1954,1954 FIFA Men's World Cup,T-41,Italy,ITA,3,group stage
66,WC-1954,1954 FIFA Men's World Cup,T-46,Mexico,MEX,2,group stage
67,WC-1954,1954 FIFA Men's World Cup,T-64,Scotland,SCO,2,group stage
68,WC-1954,1954 FIFA Men's World Cup,T-71,South Korea,KOR,2,group stage
69,WC-1954,1954 FIFA Men's World Cup,T-75,Switzerland,CHE,4,quarter-finals
70,WC-1954,1954 FIFA Men's World Cup,T-80,Turkey,TUR,3,group stage
71,WC-1954,1954 FIFA Men's World Cup,T-84,Uruguay,URY,5,third-place match
72,WC-1954,1954 FIFA Men's World Cup,T-86,West Germany,DEU,6,final
73,WC-1954,1954 FIFA Men's World Cup,T-87,Yugoslavia,YUG,3,quarter-finals
74,WC-1958,1958 FIFA Men's World Cup,T-03,Argentina,ARG,3,group stage
75,WC-1958,1958 FIFA Men's World Cup,T-05,Austria,AUT,3,group stage
76,WC-1958,1958 FIFA Men's World Cup,T-09,Brazil,BRA,6,final
77,WC-1958,1958 FIFA Men's World Cup,T-21,Czechoslovakia,CSK,4,group stage
78,WC-1958,1958 FIFA Men's World Cup,T-28,England,ENG,4,group stage
79,WC-1958,1958 FIFA Men's World Cup,T-30,France,FRA,6,third-place match
80,WC-1958,1958 FIFA Men's World Cup,T-36,Hungary,HUN,4,group stage
81,WC-1958,1958 FIFA Men's World Cup,T-46,Mexico,MEX,3,group stage
82,WC-1958,1958 FIFA Men's World Cup,T-52,Northern Ireland,NIR,5,quarter-finals
83,WC-1958,1958 FIFA Men's World Cup,T-55,Paraguay,PRY,3,group stage
84,WC-1958,1958 FIFA Men's World Cup,T-64,Scotland,SCO,3,group stage
85,WC-1958,1958 FIFA Men's World Cup,T-72,Soviet Union,SUN,5,quarter-finals
86,WC-1958,1958 FIFA Men's World Cup,T-74,Sweden,SWE,6,final
87,WC-1958,1958 FIFA Men's World Cup,T-85,Wales,WAL,5,quarter-finals
88,WC-1958,1958 FIFA Men's World Cup,T-86,West Germany,DEU,6,third-place match
89,WC-1958,1958 FIFA Men's World Cup,T-87,Yugoslavia,YUG,4,quarter-finals
90,WC-1962,1962 FIFA Men's World Cup,T-03,Argentina,ARG,3,group stage
91,WC-1962,1962 FIFA Men's World Cup,T-09,Brazil,BRA,6,final
92,WC-1962,1962 FIFA Men's World Cup,T-10,Bulgaria,BGR,3,group stage
93,WC-1962,1962 FIFA Men's World Cup,T-13,Chile,CHL,6,third-place match
94,WC-1962,1962 FIFA Men's World Cup,T-16,Colombia,COL,3,group stage
95,WC-1962,1962 FIFA Men's World Cup,T-21,Czechoslovakia,CSK,6,final
96,WC-1962,1962 FIFA Men's World Cup,T-28,England,ENG,4,quarter-finals
97,WC-1962,1962 FIFA Men's World Cup,T-36,Hungary,HUN,4,quarter-finals
98,WC-1962,1962 FIFA Men's World Cup,T-41,Italy,ITA,3,group stage
99,WC-1962,1962 FIFA Men's World Cup,T-46,Mexico,MEX,3,group stage
100,WC-1962,1962 FIFA Men's World Cup,T-72,Soviet Union,SUN,4,quarter-finals
101,WC-1962,1962 FIFA Men's World Cup,T-73,Spain,ESP,3,group stage
102,WC-1962,1962 FIFA Men's World Cup,T-75,Switzerland,CHE,3,group stage
103,WC-1962,1962 FIFA Men's World Cup,T-84,Uruguay,URY,3,group stage
104,WC-1962,1962 FIFA Men's World Cup,T-86,West Germany,DEU,4,quarter-finals
105,WC-1962,1962 FIFA Men's World Cup,T-87,Yugoslavia,YUG,6,third-place match
106,WC-1966,1966 FIFA Men's World Cup,T-03,Argentina,ARG,4,quarter-finals
107,WC-1966,1966 FIFA Men's World Cup,T-09,Brazil,BRA,3,group stage
108,WC-1966,1966 FIFA Men's World Cup,T-10,Bulgaria,BGR,3,group stage
109,WC-1966,1966 FIFA Men's World Cup,T-13,Chile,CHL,3,group stage
110,WC-1966,1966 FIFA Men's World Cup,T-28,England,ENG,6,final
111,WC-1966,1966 FIFA Men's World Cup,T-30,France,FRA,3,group stage
112,WC-1966,1966 FIFA Men's World Cup,T-36,Hungary,HUN,4,quarter-finals
113,WC-1966,1966 FIFA Men's World Cup,T-41,Italy,ITA,3,group stage
114,WC-1966,1966 FIFA Men's World Cup,T-46,Mexico,MEX,3,group stage
115,WC-1966,1966 FIFA Men's World Cup,T-51,North Korea,PRK,4,quarter-finals
116,WC-1966,1966 FIFA Men's World Cup,T-58,Portugal,PRT,6,third-place match
117,WC-1966,1966 FIFA Men's World Cup,T-72,Soviet Union,SUN,6,third-place match
118,WC-1966,1966 FIFA Men's World Cup,T-73,Spain,ESP,3,group stage
119,WC-1966,1966 FIFA Men's World Cup,T-75,Switzerland,CHE,3,group stage
120,WC-1966,1966 FIFA Men's World Cup,T-84,Uruguay,URY,4,quarter-finals
121,WC-1966,1966 FIFA Men's World Cup,T-86,West Germany,DEU,6,final
122,WC-1970,1970 FIFA Men's World Cup,T-06,Belgium,BEL,3,group stage
123,WC-1970,1970 FIFA Men's World Cup,T-09,Brazil,BRA,6,final
124,WC-1970,1970 FIFA Men's World Cup,T-10,Bulgaria,BGR,3,group stage
125,WC-1970,1970 FIFA Men's World Cup,T-21,Czechoslovakia,CSK,3,group stage
126,WC-1970,1970 FIFA Men's World Cup,T-27,El Salvador,SLV,3,group stage
127,WC-1970,1970 FIFA Men's World Cup,T-28,England,ENG,4,quarter-finals
128,WC-1970,1970 FIFA Men's World Cup,T-40,Israel,ISR,3,group stage
129,WC-1970,1970 FIFA Men's World Cup,T-41,Italy,ITA,6,final
130,WC-1970,1970 FIFA Men's World Cup,T-46,Mexico,MEX,4,quarter-finals
131,WC-1970,1970 FIFA Men's World Cup,T-47,Morocco,MAR,3,group stage
132,WC-1970,1970 FIFA Men's World Cup,T-56,Peru,PER,4,quarter-finals
133,WC-1970,1970 FIFA Men's World Cup,T-61,Romania,ROU,3,group stage
134,WC-1970,1970 FIFA Men's World Cup,T-72,Soviet Union,SUN,4,quarter-finals
135,WC-1970,1970 FIFA Men's World Cup,T-74,Sweden,SWE,3,group stage
136,WC-1970,1970 FIFA Men's World Cup,T-84,Uruguay,URY,6,third-place match
137,WC-1970,1970 FIFA Men's World Cup,T-86,West Germany,DEU,6,third-place match
138,WC-1974,1974 FIFA Men's World Cup,T-03,Argentina,ARG,6,second group stage
139,WC-1974,1974 FIFA Men's World Cup,T-04,Australia,AUS,3,group stage
140,WC-1974,1974 FIFA Men's World Cup,T-09,Brazil,BRA,7,third-place match
141,WC-1974,1974 FIFA Men's World Cup,T-10,Bulgaria,BGR,3,group stage
142,WC-1974,1974 FIFA Men's World Cup,T-13,Chile,CHL,3,group stage
143,WC-1974,1974 FIFA Men's World Cup,T-24,East Germany,DDR,6,second group stage
144,WC-1974,1974 FIFA Men's World Cup,T-34,Haiti,HTI,3,group stage
145,WC-1974,1974 FIFA Men's World Cup,T-41,Italy,ITA,3,group stage
146,WC-1974,1974 FIFA Men's World Cup,T-48,Netherlands,NLD,7,final
147,WC-1974,1974 FIFA Men's World Cup,T-57,Poland,POL,7,third-place match
148,WC-1974,1974 FIFA Men's World Cup,T-64,Scotland,SCO,3,group stage
149,WC-1974,1974 FIFA Men's World Cup,T-74,Sweden,SWE,6,second group stage
150,WC-1974,1974 FIFA Men's World Cup,T-84,Uruguay,URY,3,group stage
151,WC-1974,1974 FIFA Men's World Cup,T-86,West Germany,DEU,7,final
152,WC-1974,1974 FIFA Men's World Cup,T-87,Yugoslavia,YUG,6,second group stage
153,WC-1974,1974 FIFA Men's World Cup,T-88,Zaire,COD,3,group stage
154,WC-1978,1978 FIFA Men's World Cup,T-03,Argentina,ARG,7,final
155,WC-1978,1978 FIFA Men's World Cup,T-05,Austria,AUT,6,second group stage
156,WC-1978,1978 FIFA Men's World Cup,T-09,Brazil,BRA,7,third-place match
157,WC-1978,1978 FIFA Men's World Cup,T-30,France,FRA,3,group stage
158,WC-1978,1978 FIFA Men's World Cup,T-36,Hungary,HUN,3,group stage
159,WC-1978,1978 FIFA Men's World Cup,T-38,Iran,IRN,3,group stage
160,WC-1978,1978 FIFA Men's World Cup,T-41,Italy,ITA,7,third-place match
161,WC-1978,1978 FIFA Men's World Cup,T-46,Mexico,MEX,3,group stage
162,WC-1978,1978 FIFA Men's World Cup,T-48,Netherlands,NLD,7,final
163,WC-1978,1978 FIFA Men's World Cup,T-56,Peru,PER,6,second group stage
164,WC-1978,1978 FIFA Men's World Cup,T-57,Poland,POL,6,second group stage
165,WC-1978,1978 FIFA Men's World Cup,T-64,Scotland,SCO,3,group stage
166,WC-1978,1978 FIFA Men's World Cup,T-73,Spain,ESP,3,group stage
167,WC-1978,1978 FIFA Men's World Cup,T-74,Sweden,SWE,3,group stage
168,WC-1978,1978 FIFA Men's World Cup,T-79,Tunisia,TUN,3,group stage
169,WC-1978,1978 FIFA Men's World Cup,T-86,West Germany,DEU,6,second group stage
170,WC-1982,1982 FIFA Men's World Cup,T-01,Algeria,DZA,3,group stage
171,WC-1982,1982 FIFA Men's World Cup,T-03,Argentina,ARG,5,second group stage
172,WC-1982,1982 FIFA Men's World Cup,T-05,Austria,AUT,5,second group stage
173,WC-1982,1982 FIFA Men's World Cup,T-06,Belgium,BEL,5,second group stage
174,WC-1982,1982 FIFA Men's World Cup,T-09,Brazil,BRA,5,second group stage
175,WC-1982,1982 FIFA Men's World Cup,T-11,Cameroon,CMR,3,group stage
176,WC-1982,1982 FIFA Men's World Cup,T-13,Chile,CHL,3,group stage
177,WC-1982,1982 FIFA Men's World Cup,T-21,Czechoslovakia,CSK,3,group stage
178,WC-1982,1982 FIFA Men's World Cup,T-27,El Salvador,SLV,3,group stage
179,WC-1982,1982 FIFA Men's World Cup,T-28,England,ENG,5,second group stage
180,WC-1982,1982 FIFA Men's World Cup,T-30,France,FRA,7,third-place match
181,WC-1982,1982 FIFA Men's World Cup,T-35,Honduras,HND,3,group stage
182,WC-1982,1982 FIFA Men's World Cup,T-36,Hungary,HUN,3,group stage
183,WC-1982,1982 FIFA Men's World Cup,T-41,Italy,ITA,7,final
184,WC-1982,1982 FIFA Men's World Cup,T-45,Kuwait,KWT,3,group stage
185,WC-1982,1982 FIFA Men's World Cup,T-49,New Zealand,NZL,3,group stage
186,WC-1982,1982 FIFA Men's World Cup,T-52,Northern Ireland,NIR,5,second group stage
187,WC-1982,1982 FIFA Men's World Cup,T-56,Peru,PER,3,group stage
188,WC-1982,1982 FIFA Men's World Cup,T-57,Poland,POL,7,third-place match
189,WC-1982,1982 FIFA Men's World Cup,T-64,Scotland,SCO,3,group stage
190,WC-1982,1982 FIFA Men's World Cup,T-72,Soviet Union,SUN,5,second group stage
191,WC-1982,1982 FIFA Men's World Cup,T-73,Spain,ESP,5,second group stage
192,WC-1982,1982 FIFA Men's World Cup,T-86,West Germany,DEU,7,final
193,WC-1982,1982 FIFA Men's World Cup,T-87,Yugoslavia,YUG,3,group stage
194,WC-1986,1986 FIFA Men's World Cup,T-01,Algeria,DZA,3,group stage
195,WC-1986,1986 FIFA Men's World Cup,T-03,Argentina,ARG,7,final
196,WC-1986,1986 FIFA Men's World Cup,T-06,Belgium,BEL,7,third-place match
197,WC-1986,1986 FIFA Men's World Cup,T-09,Brazil,BRA,5,quarter-finals
198,WC-1986,1986 FIFA Men's World Cup,T-10,Bulgaria,BGR,4,round of 16
199,WC-1986,1986 FIFA Men's World Cup,T-12,Canada,CAN,3,group stage
200,WC-1986,1986 FIFA Men's World Cup,T-22,Denmark,DNK,4,round of 16
201,WC-1986,1986 FIFA Men's World Cup,T-28,England,ENG,5,quarter-finals
202,WC-1986,1986 FIFA Men's World Cup,T-30,France,FRA,7,third-place match
203,WC-1986,1986 FIFA Men's World Cup,T-36,Hungary,HUN,3,group stage
204,WC-1986,1986 FIFA Men's World Cup,T-39,Iraq,IRQ,3,group stage
205,WC-1986,1986 FIFA Men's World Cup,T-41,Italy,ITA,4,round of 16
206,WC-1986,1986 FIFA Men's World Cup,T-46,Mexico,MEX,5,quarter-finals
207,WC-1986,1986 FIFA Men's World Cup,T-47,Morocco,MAR,4,round of 16
208,WC-1986,1986 FIFA Men's World Cup,T-52,Northern Ireland,NIR,3,group stage
209,WC-1986,1986 FIFA Men's World Cup,T-55,Paraguay,PRY,4,round of 16
210,WC-1986,1986 FIFA Men's World Cup,T-57,Poland,POL,4,round of 16
211,WC-1986,1986 FIFA Men's World Cup,T-58,Portugal,PRT,3,group stage
212,WC-1986,1986 FIFA Men's World Cup,T-64,Scotland,SCO,3,group stage
213,WC-1986,1986 FIFA Men's World Cup,T-71,South Korea,KOR,3,group stage
214,WC-1986,1986 FIFA Men's World Cup,T-72,Soviet Union,SUN,4,round of 16
215,WC-1986,1986 FIFA Men's World Cup,T-73,Spain,ESP,5,quarter-finals
216,WC-1986,1986 FIFA Men's World Cup,T-84,Uruguay,URY,4,round of 16
217,WC-1986,1986 FIFA Men's World Cup,T-86,West Germany,DEU,7,final
218,WC-1990,1990 FIFA Men's World Cup,T-03,Argentina,ARG,7,final
219,WC-1990,1990 FIFA Men's World Cup,T-05,Austria,AUT,3,group stage
220,WC-1990,1990 FIFA Men's World Cup,T-06,Belgium,BEL,4,round of 16
221,WC-1990,1990 FIFA Men's World Cup,T-09,Brazil,BRA,4,round of 16
222,WC-1990,1990 FIFA Men's World Cup,T-11,Cameroon,CMR,5,quarter-finals
223,WC-1990,1990 FIFA Men's World Cup,T-16,Colombia,COL,4,round of 16
224,WC-1990,1990 FIFA Men's World Cup,T-17,Costa Rica,CRI,4,round of 16
225,WC-1990,1990 FIFA Men's World Cup,T-21,Czechoslovakia,CSK,5,quarter-finals
226,WC-1990,1990 FIFA Men's World Cup,T-26,Egypt,EGY,3,group stage
227,WC-1990,1990 FIFA Men's World Cup,T-28,England,ENG,7,third-place match
228,WC-1990,1990 FIFA Men's World Cup,T-41,Italy,ITA,7,third-place match
229,WC-1990,1990 FIFA Men's World Cup,T-48,Netherlands,NLD,4,round of 16
230,WC-1990,1990 FIFA Men's World Cup,T-60,Republic of Ireland,IRL,5,quarter-finals
231,WC-1990,1990 FIFA Men's World Cup,T-61,Romania,ROU,4,round of 16
232,WC-1990,1990 FIFA Men's World Cup,T-64,Scotland,SCO,3,group stage
233,WC-1990,1990 FIFA Men's World Cup,T-71,South Korea,KOR,3,group stage
234,WC-1990,1990 FIFA Men's World Cup,T-72,Soviet Union,SUN,3,group stage
235,WC-1990,1990 FIFA Men's World Cup,T-73,Spain,ESP,4,round of 16
236,WC-1990,1990 FIFA Men's World Cup,T-74,Sweden,SWE,3,group stage
237,WC-1990,1990 FIFA Men's World Cup,T-82,United Arab Emirates,ARE,3,group stage
238,WC-1990,1990 FIFA Men's World Cup,T-83,United States,USA,3,group stage
239,WC-1990,1990 FIFA Men's World Cup,T-84,Uruguay,URY,4,round of 16
240,WC-1990,1990 FIFA Men's World Cup,T-86,West Germany,DEU,7,final
241,WC-1990,1990 FIFA Men's World Cup,T-87,Yugoslavia,YUG,5,quarter-finals
242,WC-1991,1991 FIFA Women's World Cup,T-09,Brazil,BRA,3,group stage
243,WC-1991,1991 FIFA Women's World Cup,T-14,China,CHN,4,quarter-final
244,WC-1991,1991 FIFA Women's World Cup,T-15,Chinese Taipei,TWN,4,quarter-final
245,WC-1991,1991 FIFA Women's World Cup,T-22,Denmark,DNK,4,quarter-final
246,WC-1991,1991 FIFA Women's World Cup,T-31,Germany,DEU,6,third-place match
247,WC-1991,1991 FIFA Women's World Cup,T-41,Italy,ITA,4,quarter-final
248,WC-1991,1991 FIFA Women's World Cup,T-44,Japan,JPN,3,group stage
249,WC-1991,1991 FIFA Women's World Cup,T-49,New Zealand,NZL,3,group stage
250,WC-1991,1991 FIFA Women's World Cup,T-50,Nigeria,NGA,3,group stage
251,WC-1991,1991 FIFA Women's World Cup,T-53,Norway,NOR,6,final
252,WC-1991,1991 FIFA Women's World Cup,T-74,Sweden,SWE,6,third-place match
253,WC-1991,1991 FIFA Women's World Cup,T-83,United States,USA,6,final
254,WC-1994,1994 FIFA Men's World Cup,T-03,Argentina,ARG,4,round of 16
255,WC-1994,1994 FIFA Men's World Cup,T-06,Belgium,BEL,4,round of 16
256,WC-1994,1994 FIFA Men's World Cup,T-07,Bolivia,BOL,3,group stage
257,WC-1994,1994 FIFA Men's World Cup,T-09,Brazil,BRA,7,final
258,WC-1994,1994 FIFA Men's World Cup,T-10,Bulgaria,BGR,7,third-place match
259,WC-1994,1994 FIFA Men's World Cup,T-11,Cameroon,CMR,3,group stage
260,WC-1994,1994 FIFA Men's World Cup,T-16,Colombia,COL,3,group stage
261,WC-1994,1994 FIFA Men's World Cup,T-31,Germany,DEU,5,quarter-finals
262,WC-1994,1994 FIFA Men's World Cup,T-33,Greece,GRC,3,group stage
263,WC-1994,1994 FIFA Men's World Cup,T-41,Italy,ITA,7,final
264,WC-1994,1994 FIFA Men's World Cup,T-46,Mexico,MEX,4,round of 16
265,WC-1994,1994 FIFA Men's World Cup,T-47,Morocco,MAR,3,group stage
266,WC-1994,1994 FIFA Men's World Cup,T-48,Netherlands,NLD,5,quarter-finals
267,WC-1994,1994 FIFA Men's World Cup,T-50,Nigeria,NGA,4,round of 16
268,WC-1994,1994 FIFA Men's World Cup,T-53,Norway,NOR,3,group stage
269,WC-1994,1994 FIFA Men's World Cup,T-60,Republic of Ireland,IRL,4,round of 16
270,WC-1994,1994 FIFA Men's World Cup,T-61,Romania,ROU,5,quarter-finals
271,WC-1994,1994 FIFA Men's World Cup,T-62,Russia,RUS,3,group stage
272,WC-1994,1994 FIFA Men's World Cup,T-63,Saudi Arabia,SAU,4,round of 16
273,WC-1994,1994 FIFA Men's World Cup,T-71,South Korea,KOR,3,group stage
274,WC-1994,1994 FIFA Men's World Cup,T-73,Spain,ESP,5,quarter-finals
275,WC-1994,1994 FIFA Men's World Cup,T-74,Sweden,SWE,7,third-place match
276,WC-1994,1994 FIFA Men's World Cup,T-75,Switzerland,CHE,4,round of 16
277,WC-1994,1994 FIFA Men's World Cup,T-83,United States,USA,4,round of 16
278,WC-1995,1995 FIFA Women's World Cup,T-04,Australia,AUS,3,group stage
279,WC-1995,1995 FIFA Women's World Cup,T-09,Brazil,BRA,3,group stage
280,WC-1995,1995 FIFA Women's World Cup,T-12,Canada,CAN,3,group stage
281,WC-1995,1995 FIFA Women's World Cup,T-14,China,CHN,6,third-place match
282,WC-1995,1995 FIFA Women's World Cup,T-22,Denmark,DNK,4,quarter-final
283,WC-1995,1995 FIFA Women's World Cup,T-28,England,ENG,4,quarter-final
284,WC-1995,1995 FIFA Women's World Cup,T-31,Germany,DEU,6,final
285,WC-1995,1995 FIFA Women's World Cup,T-44,Japan,JPN,4,quarter-final
286,WC-1995,1995 FIFA Women's World Cup,T-50,Nigeria,NGA,3,group stage
287,WC-1995,1995 FIFA Women's World Cup,T-53,Norway,NOR,6,final
288,WC-1995,1995 FIFA Women's World Cup,T-74,Sweden,SWE,4,quarter-final
289,WC-1995,1995 FIFA Women's World Cup,T-83,United States,USA,6,third-place match
290,WC-1998,1998 FIFA Men's World Cup,T-03,Argentina,ARG,5,quarter-finals
291,WC-1998,1998 FIFA Men's World Cup,T-05,Austria,AUT,3,group stage
292,WC-1998,1998 FIFA Men's World Cup,T-06,Belgium,BEL,3,group stage
293,WC-1998,1998 FIFA Men's World Cup,T-09,Brazil,BRA,7,final
294,WC-1998,1998 FIFA Men's World Cup,T-10,Bulgaria,BGR,3,group stage
295,WC-1998,1998 FIFA Men's World Cup,T-11,Cameroon,CMR,3,group stage
296,WC-1998,1998 FIFA Men's World Cup,T-13,Chile,CHL,4,round of 16
297,WC-1998,1998 FIFA Men's World Cup,T-16,Colombia,COL,3,group stage
298,WC-1998,1998 FIFA Men's World Cup,T-18,Croatia,HRV,7,third-place match
299,WC-1998,1998 FIFA Men's World Cup,T-22,Denmark,DNK,5,quarter-finals
300,WC-1998,1998 FIFA Men's World Cup,T-28,England,ENG,4,round of 16
301,WC-1998,1998 FIFA Men's World Cup,T-30,France,FRA,7,final
302,WC-1998,1998 FIFA Men's World Cup,T-31,Germany,DEU,5,quarter-finals
303,WC-1998,1998 FIFA Men's World Cup,T-38,Iran,IRN,3,group stage
304,WC-1998,1998 FIFA Men's World Cup,T-41,Italy,ITA,5,quarter-finals
305,WC-1998,1998 FIFA Men's World Cup,T-43,Jamaica,JAM,3,group stage
306,WC-1998,1998 FIFA Men's World Cup,T-44,Japan,JPN,3,group stage
307,WC-1998,1998 FIFA Men's World Cup,T-46,Mexico,MEX,4,round of 16
308,WC-1998,1998 FIFA Men's World Cup,T-47,Morocco,MAR,3,group stage
309,WC-1998,1998 FIFA Men's World Cup,T-48,Netherlands,NLD,7,third-place match
310,WC-1998,1998 FIFA Men's World Cup,T-50,Nigeria,NGA,4,round of 16
311,WC-1998,1998 FIFA Men's World Cup,T-53,Norway,NOR,4,round of 16
312,WC-1998,1998 FIFA Men's World Cup,T-55,Paraguay,PRY,4,round of 16
313,WC-1998,1998 FIFA Men's World Cup,T-61,Romania,ROU,4,round of 16
314,WC-1998,1998 FIFA Men's World Cup,T-63,Saudi Arabia,SAU,3,group stage
315,WC-1998,1998 FIFA Men's World Cup,T-64,Scotland,SCO,3,group stage
316,WC-1998,1998 FIFA Men's World Cup,T-70,South Africa,ZAF,3,group stage
317,WC-1998,1998 FIFA Men's World Cup,T-71,South Korea,KOR,3,group stage
318,WC-1998,1998 FIFA Men's World Cup,T-73,Spain,ESP,3,group stage
319,WC-1998,1998 FIFA Men's World Cup,T-79,Tunisia,TUN,3,group stage
320,WC-1998,1998 FIFA Men's World Cup,T-83,United States,USA,3,group stage
321,WC-1998,1998 FIFA Men's World Cup,T-87,Yugoslavia,YUG,4,round of 16
322,WC-1999,1999 FIFA Women's World Cup,T-04,Australia,AUS,3,group stage
323,WC-1999,1999 FIFA Women's World Cup,T-09,Brazil,BRA,6,third-place match
324,WC-1999,1999 FIFA Women's World Cup,T-12,Canada,CAN,3,group stage
325,WC-1999,1999 FIFA Women's World Cup,T-14,China,CHN,6,final
326,WC-1999,1999 FIFA Women's World Cup,T-22,Denmark,DNK,3,group stage
327,WC-1999,1999 FIFA Women's World Cup,T-31,Germany,DEU,4,quarter-final
328,WC-1999,1999 FIFA Women's World Cup,T-32,Ghana,GHA,3,group stage
329,WC-1999,1999 FIFA Women's World Cup,T-41,Italy,ITA,3,group stage
330,WC-1999,1999 FIFA Women's World Cup,T-44,Japan,JPN,3,group stage
331,WC-1999,1999 FIFA Women's World Cup,T-46,Mexico,MEX,3,group stage
332,WC-1999,1999 FIFA Women's World Cup,T-50,Nigeria,NGA,4,quarter-final
333,WC-1999,1999 FIFA Women's World Cup,T-51,North Korea,PRK,3,group stage
334,WC-1999,1999 FIFA Women's World Cup,T-53,Norway,NOR,6,third-place match
335,WC-1999,1999 FIFA Women's World Cup,T-62,Russia,RUS,4,quarter-final
336,WC-1999,1999 FIFA Women's World Cup,T-74,Sweden,SWE,4,quarter-final
337,WC-1999,1999 FIFA Women's World Cup,T-83,United States,USA,6,final
338,WC-2002,2002 FIFA Men's World Cup,T-03,Argentina,ARG,3,group stage
339,WC-2002,2002 FIFA Men's World Cup,T-06,Belgium,BEL,4,round of 16
340,WC-2002,2002 FIFA Men's World Cup,T-09,Brazil,BRA,7,final
341,WC-2002,2002 FIFA Men's World Cup,T-11,Cameroon,CMR,3,group stage
342,WC-2002,2002 FIFA Men's World Cup,T-14,China,CHN,3,group stage
343,WC-2002,2002 FIFA Men's World Cup,T-17,Costa Rica,CRI,3,group stage
344,WC-2002,2002 FIFA Men's World Cup,T-18,Croatia,HRV,3,group stage
345,WC-2002,2002 FIFA Men's World Cup,T-22,Denmark,DNK,4,round of 16
346,WC-2002,2002 FIFA Men's World Cup,T-25,Ecuador,ECU,3,group stage
347,WC-2002,2002 FIFA Men's World Cup,T-28,England,ENG,5,quarter-finals
348,WC-2002,2002 FIFA Men's World Cup,T-30,France,FRA,3,group stage
349,WC-2002,2002 FIFA Men's World Cup,T-31,Germany,DEU,7,final
350,WC-2002,2002 FIFA Men's World Cup,T-41,Italy,ITA,4,round of 16
351,WC-2002,2002 FIFA Men's World Cup,T-44,Japan,JPN,4,round of 16
352,WC-2002,2002 FIFA Men's World Cup,T-46,Mexico,MEX,4,round of 16
353,WC-2002,2002 FIFA Men's World Cup,T-50,Nigeria,NGA,3,group stage
354,WC-2002,2002 FIFA Men's World Cup,T-55,Paraguay,PRY,4,round of 16
355,WC-2002,2002 FIFA Men's World Cup,T-57,Poland,POL,3,group stage
356,WC-2002,2002 FIFA Men's World Cup,T-58,Portugal,PRT,3,group stage
357,WC-2002,2002 FIFA Men's World Cup,T-60,Republic of Ireland,IRL,4,round of 16
358,WC-2002,2002 FIFA Men's World Cup,T-62,Russia,RUS,3,group stage
359,WC-2002,2002 FIFA Men's World Cup,T-63,Saudi Arabia,SAU,3,group stage
360,WC-2002,2002 FIFA Men's World Cup,T-65,Senegal,SEN,5,quarter-finals
361,WC-2002,2002 FIFA Men's World Cup,T-69,Slovenia,SVN,3,group stage
362,WC-2002,2002 FIFA Men's World Cup,T-70,South Africa,ZAF,3,group stage
363,WC-2002,2002 FIFA Men's World Cup,T-71,South Korea,KOR,7,third-place match
364,WC-2002,2002 FIFA Men's World Cup,T-73,Spain,ESP,5,quarter-finals
365,WC-2002,2002 FIFA Men's World Cup,T-74,Sweden,SWE,4,round of 16
366,WC-2002,2002 FIFA Men's World Cup,T-79,Tunisia,TUN,3,group stage
367,WC-2002,2002 FIFA Men's World Cup,T-80,Turkey,TUR,7,third-place match
368,WC-2002,2002 FIFA Men's World Cup,T-83,United States,USA,5,quarter-finals
369,WC-2002,2002 FIFA Men's World Cup,T-84,Uruguay,URY,3,group stage
370,WC-2003,2003 FIFA Women's World Cup,T-03,Argentina,ARG,3,group stage
371,WC-2003,2003 FIFA Women's World Cup,T-04,Australia,AUS,3,group stage
372,WC-2003,2003 FIFA Women's World Cup,T-09,Brazil,BRA,4,quarter-final
373,WC-2003,2003 FIFA Women's World Cup,T-12,Canada,CAN,6,third-place match
374,WC-2003,2003 FIFA Women's World Cup,T-14,China,CHN,4,quarter-final
375,WC-2003,2003 FIFA Women's World Cup,T-30,France,FRA,3,group stage
376,WC-2003,2003 FIFA Women's World Cup,T-31,Germany,DEU,6,final
377,WC-2003,2003 FIFA Women's World Cup,T-32,Ghana,GHA,3,group stage
378,WC-2003,2003 FIFA Women's World Cup,T-44,Japan,JPN,3,group stage
379,WC-2003,2003 FIFA Women's World Cup,T-50,Nigeria,NGA,3,group stage
380,WC-2003,2003 FIFA Women's World Cup,T-51,North Korea,PRK,3,group stage
381,WC-2003,2003 FIFA Women's World Cup,T-53,Norway,NOR,4,quarter-final
382,WC-2003,2003 FIFA Women's World Cup,T-62,Russia,RUS,4,quarter-final
383,WC-2003,2003 FIFA Women's World Cup,T-71,South Korea,KOR,3,group stage
384,WC-2003,2003 FIFA Women's World Cup,T-74,Sweden,SWE,6,final
385,WC-2003,2003 FIFA Women's World Cup,T-83,United States,USA,6,third-place match
386,WC-2006,2006 FIFA Men's World Cup,T-02,Angola,AGO,3,group stage
387,WC-2006,2006 FIFA Men's World Cup,T-03,Argentina,ARG,5,quarter-finals
388,WC-2006,2006 FIFA Men's World Cup,T-04,Australia,AUS,4,round of 16
389,WC-2006,2006 FIFA Men's World Cup,T-09,Brazil,BRA,5,quarter-finals
390,WC-2006,2006 FIFA Men's World Cup,T-17,Costa Rica,CRI,3,group stage
391,WC-2006,2006 FIFA Men's World Cup,T-18,Croatia,HRV,3,group stage
392,WC-2006,2006 FIFA Men's World Cup,T-20,Czech Republic,CZE,3,group stage
393,WC-2006,2006 FIFA Men's World Cup,T-25,Ecuador,ECU,4,round of 16
394,WC-2006,2006 FIFA Men's World Cup,T-28,England,ENG,5,quarter-finals
395,WC-2006,2006 FIFA Men's World Cup,T-30,France,FRA,7,final
396,WC-2006,2006 FIFA Men's World Cup,T-31,Germany,DEU,7,third-place match
397,WC-2006,2006 FIFA Men's World Cup,T-32,Ghana,GHA,4,round of 16
398,WC-2006,2006 FIFA Men's World Cup,T-38,Iran,IRN,3,group stage
399,WC-2006,2006 FIFA Men's World Cup,T-41,Italy,ITA,7,final
400,WC-2006,2006 FIFA Men's World Cup,T-42,Ivory Coast,CIV,3,group stage
401,WC-2006,2006 FIFA Men's World Cup,T-44,Japan,JPN,3,group stage
402,WC-2006,2006 FIFA Men's World Cup,T-46,Mexico,MEX,4,round of 16
403,WC-2006,2006 FIFA Men's World Cup,T-48,Netherlands,NLD,4,round of 16
404,WC-2006,2006 FIFA Men's World Cup,T-55,Paraguay,PRY,3,group stage
405,WC-2006,2006 FIFA Men's World Cup,T-57,Poland,POL,3,group stage
406,WC-2006,2006 FIFA Men's World Cup,T-58,Portugal,PRT,7,third-place match
407,WC-2006,2006 FIFA Men's World Cup,T-63,Saudi Arabia,SAU,3,group stage
408,WC-2006,2006 FIFA Men's World Cup,T-67,Serbia and Montenegro,SCG,3,group stage
409,WC-2006,2006 FIFA Men's World Cup,T-71,South Korea,KOR,3,group stage
410,WC-2006,2006 FIFA Men's World Cup,T-73,Spain,ESP,4,round of 16
411,WC-2006,2006 FIFA Men's World Cup,T-74,Sweden,SWE,4,round of 16
412,WC-2006,2006 FIFA Men's World Cup,T-75,Switzerland,CHE,4,round of 16
413,WC-2006,2006 FIFA Men's World Cup,T-77,Togo,TGO,3,group stage
414,WC-2006,2006 FIFA Men's World Cup,T-78,Trinidad and Tobago,TTO,3,group stage
415,WC-2006,2006 FIFA Men's World Cup,T-79,Tunisia,TUN,3,group stage
416,WC-2006,2006 FIFA Men's World Cup,T-81,Ukraine,UKR,5,quarter-finals
417,WC-2006,2006 FIFA Men's World Cup,T-83,United States,USA,3,group stage
418,WC-2007,2007 FIFA Women's World Cup,T-03,Argentina,ARG,3,group stage
419,WC-2007,2007 FIFA Women's World Cup,T-04,Australia,AUS,4,quarter-final
420,WC-2007,2007 FIFA Women's World Cup,T-09,Brazil,BRA,6,final
421,WC-2007,2007 FIFA Women's World Cup,T-12,Canada,CAN,3,group stage
422,WC-2007,2007 FIFA Women's World Cup,T-14,China,CHN,4,quarter-final
423,WC-2007,2007 FIFA Women's World Cup,T-22,Denmark,DNK,3,group stage
424,WC-2007,2007 FIFA Women's World Cup,T-28,England,ENG,4,quarter-final
425,WC-2007,2007 FIFA Women's World Cup,T-31,Germany,DEU,6,final
426,WC-2007,2007 FIFA Women's World Cup,T-32,Ghana,GHA,3,group stage
427,WC-2007,2007 FIFA Women's World Cup,T-44,Japan,JPN,3,group stage
428,WC-2007,2007 FIFA Women's World Cup,T-49,New Zealand,NZL,3,group stage
429,WC-2007,2007 FIFA Women's World Cup,T-50,Nigeria,NGA,3,group stage
430,WC-2007,2007 FIFA Women's World Cup,T-51,North Korea,PRK,4,quarter-final
431,WC-2007,2007 FIFA Women's World Cup,T-53,Norway,NOR,6,third-place match
432,WC-2007,2007 FIFA Women's World Cup,T-74,Sweden,SWE,3,group stage
433,WC-2007,2007 FIFA Women's World Cup,T-83,United States,USA,6,third-place match
434,WC-2010,2010 FIFA Men's World Cup,T-01,Algeria,DZA,3,group stage
435,WC-2010,2010 FIFA Men's World Cup,T-03,Argentina,ARG,5,quarter-finals
436,WC-2010,2010 FIFA Men's World Cup,T-04,Australia,AUS,3,group stage
437,WC-2010,2010 FIFA Men's World Cup,T-09,Brazil,BRA,5,quarter-finals
438,WC-2010,2010 FIFA Men's World Cup,T-11,Cameroon,CMR,3,group stage
439,WC-2010,2010 FIFA Men's World Cup,T-13,Chile,CHL,4,round of 16
440,WC-2010,2010 FIFA Men's World Cup,T-22,Denmark,DNK,3,group stage
441,WC-2010,2010 FIFA Men's World Cup,T-28,England,ENG,4,round of 16
442,WC-2010,2010 FIFA Men's World Cup,T-30,France,FRA,3,group stage
443,WC-2010,2010 FIFA Men's World Cup,T-31,Germany,DEU,7,third-place match
444,WC-2010,2010 FIFA Men's World Cup,T-32,Ghana,GHA,5,quarter-finals
445,WC-2010,2010 FIFA Men's World Cup,T-33,Greece,GRC,3,group stage
446,WC-2010,2010 FIFA Men's World Cup,T-35,Honduras,HND,3,group stage
447,WC-2010,2010 FIFA Men's World Cup,T-41,Italy,ITA,3,group stage
448,WC-2010,2010 FIFA Men's World Cup,T-42,Ivory Coast,CIV,3,group stage
449,WC-2010,2010 FIFA Men's World Cup,T-44,Japan,JPN,4,round of 16
450,WC-2010,2010 FIFA Men's World Cup,T-46,Mexico,MEX,4,round of 16
451,WC-2010,2010 FIFA Men's World Cup,T-48,Netherlands,NLD,7,final
452,WC-2010,2010 FIFA Men's World Cup,T-49,New Zealand,NZL,3,group stage
453,WC-2010,2010 FIFA Men's World Cup,T-50,Nigeria,NGA,3,group stage
454,WC-2010,2010 FIFA Men's World Cup,T-51,North Korea,PRK,3,group stage
455,WC-2010,2010 FIFA Men's World Cup,T-55,Paraguay,PRY,5,quarter-finals
456,WC-2010,2010 FIFA Men's World Cup,T-58,Portugal,PRT,4,round of 16
457,WC-2010,2010 FIFA Men's World Cup,T-66,Serbia,SRB,3,group stage
458,WC-2010,2010 FIFA Men's World Cup,T-68,Slovakia,SVK,4,round of 16
459,WC-2010,2010 FIFA Men's World Cup,T-69,Slovenia,SVN,3,group stage
460,WC-2010,2010 FIFA Men's World Cup,T-70,South Africa,ZAF,3,group stage
461,WC-2010,2010 FIFA Men's World Cup,T-71,South Korea,KOR,4,round of 16
462,WC-2010,2010 FIFA Men's World Cup,T-73,Spain,ESP,7,final
463,WC-2010,2010 FIFA Men's World Cup,T-75,Switzerland,CHE,3,group stage
464,WC-2010,2010 FIFA Men's World Cup,T-83,United States,USA,4,round of 16
465,WC-2010,2010 FIFA Men's World Cup,T-84,Uruguay,URY,7,third-place match
466,WC-2011,2011 FIFA Women's World Cup,T-04,Australia,AUS,4,quarter-final
467,WC-2011,2011 FIFA Women's World Cup,T-09,Brazil,BRA,4,quarter-final
468,WC-2011,2011 FIFA Women's World Cup,T-12,Canada,CAN,3,group stage
469,WC-2011,2011 FIFA Women's World Cup,T-16,Colombia,COL,3,group stage
470,WC-2011,2011 FIFA Women's World Cup,T-28,England,ENG,4,quarter-final
471,WC-2011,2011 FIFA Women's World Cup,T-29,Equatorial Guinea,GNQ,3,group stage
472,WC-2011,2011 FIFA Women's World Cup,T-30,France,FRA,6,third-place match
473,WC-2011,2011 FIFA Women's World Cup,T-31,Germany,DEU,4,quarter-final
474,WC-2011,2011 FIFA Women's World Cup,T-44,Japan,JPN,6,final
475,WC-2011,2011 FIFA Women's World Cup,T-46,Mexico,MEX,3,group stage
476,WC-2011,2011 FIFA Women's World Cup,T-49,New Zealand,NZL,3,group stage
477,WC-2011,2011 FIFA Women's World Cup,T-50,Nigeria,NGA,3,group stage
478,WC-2011,2011 FIFA Women's World Cup,T-51,North Korea,PRK,3,group stage
479,WC-2011,2011 FIFA Women's World Cup,T-53,Norway,NOR,3,group stage
480,WC-2011,2011 FIFA Women's World Cup,T-74,Sweden,SWE,6,third-place match
481,WC-2011,2011 FIFA Women's World Cup,T-83,United States,USA,6,final
482,WC-2014,2014 FIFA Men's World Cup,T-01,Algeria,DZA,4,round of 16
483,WC-2014,2014 FIFA Men's World Cup,T-03,Argentina,ARG,7,final
484,WC-2014,2014 FIFA Men's World Cup,T-04,Australia,AUS,3,group stage
485,WC-2014,2014 FIFA Men's World Cup,T-06,Belgium,BEL,5,quarter-finals
486,WC-2014,2014 FIFA Men's World Cup,T-08,Bosnia and Herzegovina,BIH,3,group stage
487,WC-2014,2014 FIFA Men's World Cup,T-09,Brazil,BRA,7,third-place match
488,WC-2014,2014 FIFA Men's World Cup,T-11,Cameroon,CMR,3,group stage
489,WC-2014,2014 FIFA Men's World Cup,T-13,Chile,CHL,4,round of 16
490,WC-2014,2014 FIFA Men's World Cup,T-16,Colombia,COL,5,quarter-finals
491,WC-2014,2014 FIFA Men's World Cup,T-17,Costa Rica,CRI,5,quarter-finals
492,WC-2014,2014 FIFA Men's World Cup,T-18,Croatia,HRV,3,group stage
493,WC-2014,2014 FIFA Men's World Cup,T-25,Ecuador,ECU,3,group stage
494,WC-2014,2014 FIFA Men's World Cup,T-28,England,ENG,3,group stage
495,WC-2014,2014 FIFA Men's World Cup,T-30,France,FRA,5,quarter-finals
496,WC-2014,2014 FIFA Men's World Cup,T-31,Germany,DEU,7,final
497,WC-2014,2014 FIFA Men's World Cup,T-32,Ghana,GHA,3,group stage
498,WC-2014,2014 FIFA Men's World Cup,T-33,Greece,GRC,4,round of 16
499,WC-2014,2014 FIFA Men's World Cup,T-35,Honduras,HND,3,group stage
500,WC-2014,2014 FIFA Men's World Cup,T-38,Iran,IRN,3,group stage
501,WC-2014,2014 FIFA Men's World Cup,T-41,Italy,ITA,3,group stage
502,WC-2014,2014 FIFA Men's World Cup,T-42,Ivory Coast,CIV,3,group stage
503,WC-2014,2014 FIFA Men's World Cup,T-44,Japan,JPN,3,group stage
504,WC-2014,2014 FIFA Men's World Cup,T-46,Mexico,MEX,4,round of 16
505,WC-2014,2014 FIFA Men's World Cup,T-48,Netherlands,NLD,7,third-place match
506,WC-2014,2014 FIFA Men's World Cup,T-50,Nigeria,NGA,4,round of 16
507,WC-2014,2014 FIFA Men's World Cup,T-58,Portugal,PRT,3,group stage
508,WC-2014,2014 FIFA Men's World Cup,T-62,Russia,RUS,3,group stage
509,WC-2014,2014 FIFA Men's World Cup,T-71,South Korea,KOR,3,group stage
510,WC-2014,2014 FIFA Men's World Cup,T-73,Spain,ESP,3,group stage
511,WC-2014,2014 FIFA Men's World Cup,T-75,Switzerland,CHE,4,round of 16
512,WC-2014,2014 FIFA Men's World Cup,T-83,United States,USA,4,round of 16
513,WC-2014,2014 FIFA Men's World Cup,T-84,Uruguay,URY,4,round of 16
514,WC-2015,2015 FIFA Women's World Cup,T-04,Australia,AUS,5,quarter-final
515,WC-2015,2015 FIFA Women's World Cup,T-09,Brazil,BRA,4,round of 16
516,WC-2015,2015 FIFA Women's World Cup,T-11,Cameroon,CMR,4,round of 16
517,WC-2015,2015 FIFA Women's World Cup,T-12,Canada,CAN,5,quarter-final
518,WC-2015,2015 FIFA Women's World Cup,T-14,China,CHN,5,quarter-final
519,WC-2015,2015 FIFA Women's World Cup,T-16,Colombia,COL,4,round of 16
520,WC-2015,2015 FIFA Women's World Cup,T-17,Costa Rica,CRI,3,group stage
521,WC-2015,2015 FIFA Women's World Cup,T-25,Ecuador,ECU,3,group stage
522,WC-2015,2015 FIFA Women's World Cup,T-28,England,ENG,7,third-place match
523,WC-2015,2015 FIFA Women's World Cup,T-30,France,FRA,5,quarter-final
524,WC-2015,2015 FIFA Women's World Cup,T-31,Germany,DEU,7,third-place match
525,WC-2015,2015 FIFA Women's World Cup,T-42,Ivory Coast,CIV,3,group stage
526,WC-2015,2015 FIFA Women's World Cup,T-44,Japan,JPN,7,final
527,WC-2015,2015 FIFA Women's World Cup,T-46,Mexico,MEX,3,group stage
528,WC-2015,2015 FIFA Women's World Cup,T-48,Netherlands,NLD,4,round of 16
529,WC-2015,2015 FIFA Women's World Cup,T-49,New Zealand,NZL,3,group stage
530,WC-2015,2015 FIFA Women's World Cup,T-50,Nigeria,NGA,3,group stage
531,WC-2015,2015 FIFA Women's World Cup,T-53,Norway,NOR,4,round of 16
532,WC-2015,2015 FIFA Women's World Cup,T-71,South Korea,KOR,4,round of 16
533,WC-2015,2015 FIFA Women's World Cup,T-73,Spain,ESP,3,group stage
534,WC-2015,2015 FIFA Women's World Cup,T-74,Sweden,SWE,4,round of 16
535,WC-2015,2015 FIFA Women's World Cup,T-75,Switzerland,CHE,4,round of 16
536,WC-2015,2015 FIFA Women's World Cup,T-76,Thailand,THA,3,group stage
537,WC-2015,2015 FIFA Women's World Cup,T-83,United States,USA,7,final
538,WC-2018,2018 FIFA Men's World Cup,T-03,Argentina,ARG,4,round of 16
539,WC-2018,2018 FIFA Men's World Cup,T-04,Australia,AUS,3,group stage
540,WC-2018,2018 FIFA Men's World Cup,T-06,Belgium,BEL,7,third-place match
541,WC-2018,2018 FIFA Men's World Cup,T-09,Brazil,BRA,5,quarter-finals
542,WC-2018,2018 FIFA Men's World Cup,T-16,Colombia,COL,4,round of 16
543,WC-2018,2018 FIFA Men's World Cup,T-17,Costa Rica,CRI,3,group stage
544,WC-2018,2018 FIFA Men's World Cup,T-18,Croatia,HRV,7,final
545,WC-2018,2018 FIFA Men's World Cup,T-22,Denmark,DNK,4,round of 16
546,WC-2018,2018 FIFA Men's World Cup,T-26,Egypt,EGY,3,group stage
547,WC-2018,2018 FIFA Men's World Cup,T-28,England,ENG,7,third-place match
548,WC-2018,2018 FIFA Men's World Cup,T-30,France,FRA,7,final
549,WC-2018,2018 FIFA Men's World Cup,T-31,Germany,DEU,3,group stage
550,WC-2018,2018 FIFA Men's World Cup,T-37,Iceland,ISL,3,group stage
551,WC-2018,2018 FIFA Men's World Cup,T-38,Iran,IRN,3,group stage
552,WC-2018,2018 FIFA Men's World Cup,T-44,Japan,JPN,4,round of 16
553,WC-2018,2018 FIFA Men's World Cup,T-46,Mexico,MEX,4,round of 16
554,WC-2018,2018 FIFA Men's World Cup,T-47,Morocco,MAR,3,group stage
555,WC-2018,2018 FIFA Men's World Cup,T-50,Nigeria,NGA,3,group stage
556,WC-2018,2018 FIFA Men's World Cup,T-54,Panama,PAN,3,group stage
557,WC-2018,2018 FIFA Men's World Cup,T-56,Peru,PER,3,group stage
558,WC-2018,2018 FIFA Men's World Cup,T-57,Poland,POL,3,group stage
559,WC-2018,2018 FIFA Men's World Cup,T-58,Portugal,PRT,4,round of 16
560,WC-2018,2018 FIFA Men's World Cup,T-62,Russia,RUS,5,quarter-finals
561,WC-2018,2018 FIFA Men's World Cup,T-63,Saudi Arabia,SAU,3,group stage
562,WC-2018,2018 FIFA Men's World Cup,T-65,Senegal,SEN,3,group stage
563,WC-2018,2018 FIFA Men's World Cup,T-66,Serbia,SRB,3,group stage
564,WC-2018,2018 FIFA Men's World Cup,T-71,South Korea,KOR,3,group stage
565,WC-2018,2018 FIFA Men's World Cup,T-73,Spain,ESP,4,round of 16
566,WC-2018,2018 FIFA Men's World Cup,T-74,Sweden,SWE,5,quarter-finals
567,WC-2018,2018 FIFA Men's World Cup,T-75,Switzerland,CHE,4,round of 16
568,WC-2018,2018 FIFA Men's World Cup,T-79,Tunisia,TUN,3,group stage
569,WC-2018,2018 FIFA Men's World Cup,T-84,Uruguay,URY,5,quarter-finals
570,WC-2019,2019 FIFA Women's World Cup,T-03,Argentina,ARG,3,group stage
571,WC-2019,2019 FIFA Women's World Cup,T-04,Australia,AUS,4,round of 16
572,WC-2019,2019 FIFA Women's World Cup,T-09,Brazil,BRA,4,round of 16
573,WC-2019,2019 FIFA Women's World Cup,T-11,Cameroon,CMR,4,round of 16
574,WC-2019,2019 FIFA Women's World Cup,T-12,Canada,CAN,4,round of 16
575,WC-2019,2019 FIFA Women's World Cup,T-13,Chile,CHL,3,group stage
576,WC-2019,2019 FIFA Women's World Cup,T-14,China,CHN,4,round of 16
577,WC-2019,2019 FIFA Women's World Cup,T-28,England,ENG,7,third-place match
578,WC-2019,2019 FIFA Women's World Cup,T-30,France,FRA,5,quarter-final
579,WC-2019,2019 FIFA Women's World Cup,T-31,Germany,DEU,5,quarter-final
580,WC-2019,2019 FIFA Women's World Cup,T-41,Italy,ITA,5,quarter-final
581,WC-2019,2019 FIFA Women's World Cup,T-43,Jamaica,JAM,3,group stage
582,WC-2019,2019 FIFA Women's World Cup,T-44,Japan,JPN,4,round of 16
583,WC-2019,2019 FIFA Women's World Cup,T-48,Netherlands,NLD,7,final
584,WC-2019,2019 FIFA Women's World Cup,T-49,New Zealand,NZL,3,group stage
585,WC-2019,2019 FIFA Women's World Cup,T-50,Nigeria,NGA,4,round of 16
586,WC-2019,2019 FIFA Women's World Cup,T-53,Norway,NOR,5,quarter-final
587,WC-2019,2019 FIFA Women's World Cup,T-64,Scotland,SCO,3,group stage
588,WC-2019,2019 FIFA Women's World Cup,T-70,South Africa,ZAF,3,group stage
589,WC-2019,2019 FIFA Women's World Cup,T-71,South Korea,KOR,3,group stage
590,WC-2019,2019 FIFA Women's World Cup,T-73,Spain,ESP,4,round of 16
591,WC-2019,2019 FIFA Women's World Cup,T-74,Sweden,SWE,7,third-place match
592,WC-2019,2019 FIFA Women's World Cup,T-76,Thailand,THA,3,group stage
593,WC-2019,2019 FIFA Women's World Cup,T-83,United States,USA,7,final
594,WC-2022,2022 FIFA Men's World Cup,T-03,Argentina,ARG,7,final
595,WC-2022,2022 FIFA Men's World Cup,T-04,Australia,AUS,4,round of 16
596,WC-2022,2022 FIFA Men's World Cup,T-06,Belgium,BEL,3,group stage
597,WC-2022,2022 FIFA Men's World Cup,T-09,Brazil,BRA,5,quarter-finals
598,WC-2022,2022 FIFA Men's World Cup,T-11,Cameroon,CMR,3,group stage
599,WC-2022,2022 FIFA Men's World Cup,T-12,Canada,CAN,3,group stage
600,WC-2022,2022 FIFA Men's World Cup,T-17,Costa Rica,CRI,3,group stage
601,WC-2022,2022 FIFA Men's World Cup,T-18,Croatia,HRV,7,third-place match
602,WC-2022,2022 FIFA Men's World Cup,T-22,Denmark,DNK,3,group stage
603,WC-2022,2022 FIFA Men's World Cup,T-25,Ecuador,ECU,3,group stage
604,WC-2022,2022 FIFA Men's World Cup,T-28,England,ENG,5,quarter-finals
605,WC-2022,2022 FIFA Men's World Cup,T-30,France,FRA,7,final
606,WC-2022,2022 FIFA Men's World Cup,T-31,Germany,DEU,3,group stage
607,WC-2022,2022 FIFA Men's World Cup,T-32,Ghana,GHA,3,group stage
608,WC-2022,2022 FIFA Men's World Cup,T-38,Iran,IRN,3,group stage
609,WC-2022,2022 FIFA Men's World Cup,T-44,Japan,JPN,4,round of 16
610,WC-2022,2022 FIFA Men's World Cup,T-46,Mexico,MEX,3,group stage
611,WC-2022,2022 FIFA Men's World Cup,T-47,Morocco,MAR,7,third-place match
612,WC-2022,2022 FIFA Men's World Cup,T-48,Netherlands,NLD,5,quarter-finals
613,WC-2022,2022 FIFA Men's World Cup,T-57,Poland,POL,4,round of 16
614,WC-2022,2022 FIFA Men's World Cup,T-58,Portugal,PRT,5,quarter-finals
615,WC-2022,2022 FIFA Men's World Cup,T-59,Qatar,QAT,3,group stage
616,WC-2022,2022 FIFA Men's World Cup,T-63,Saudi Arabia,SAU,3,group stage
617,WC-2022,2022 FIFA Men's World Cup,T-65,Senegal,SEN,4,round of 16
618,WC-2022,2022 FIFA Men's World Cup,T-66,Serbia,SRB,3,group stage
619,WC-2022,2022 FIFA Men's World Cup,T-71,South Korea,KOR,4,round of 16
620,WC-2022,2022 FIFA Men's World Cup,T-73,Spain,ESP,4,round of 16
621,WC-2022,2022 FIFA Men's World Cup,T-75,Switzerland,CHE,4,round of 16
622,WC-2022,2022 FIFA Men's World Cup,T-79,Tunisia,TUN,3,group stage
623,WC-2022,2022 FIFA Men's World Cup,T-83,United States,USA,4,round of 16
624,WC-2022,2022 FIFA Men's World Cup,T-84,Uruguay,URY,3,group stage
625,WC-2022,2022 FIFA Men's World Cup,T-85,Wales,WAL,3,group stage
